{"cameraMode":{"drawMode":0,"name":"Shaded","section":"Shading Mode"},"sceneLighting":false,"audioPlay":false,"sceneViewState":{"m_AlwaysRefresh":false,"showFog":true,"showSkybox":false,"showFlares":true,"showImageEffects":true,"showParticleSystems":true,"showVisualEffectGraphs":true,"m_FxEnabled":true},"in2DMode":false,"pivot":{"x":91.57499694824219,"y":9.280500411987305,"z":-31.279998779296876},"rotation":{"x":0.0008439437951892614,"y":0.9962627291679382,"z":-0.08538875728845597,"w":0.010760379023849965},"size":6.97249698638916,"orthographic":true}