{"cameraMode":{"drawMode":0,"name":"Shaded","section":"Shading Mode"},"sceneLighting":true,"audioPlay":false,"sceneViewState":{"m_AlwaysRefresh":false,"showFog":true,"showSkybox":true,"showFlares":true,"showImageEffects":true,"showParticleSystems":true,"showVisualEffectGraphs":true,"m_FxEnabled":true},"in2DMode":false,"pivot":{"x":-0.28807640075683596,"y":11.465017318725586,"z":-7.343244552612305},"rotation":{"x":-0.14683052897453309,"y":0.08388230949640274,"z":-0.012481026351451874,"w":-0.9855201244354248},"size":13.860007286071778,"orthographic":true}