{"cameraMode":{"drawMode":0,"name":"Shaded","section":"Shading Mode"},"sceneLighting":false,"audioPlay":false,"sceneViewState":{"m_AlwaysRefresh":false,"showFog":true,"showSkybox":false,"showFlares":true,"showImageEffects":true,"showParticleSystems":true,"showVisualEffectGraphs":true,"m_FxEnabled":true},"in2DMode":false,"pivot":{"x":-132.61000061035157,"y":1.1399998664855958,"z":100.73999786376953},"rotation":{"x":-0.015729451552033426,"y":-0.7132470011711121,"z":0.01608339138329029,"w":-0.700508177280426},"size":1.2247447967529297,"orthographic":true}